Workbook

Sheet Q 1&2
C1: BMY US | D1: NFLX | E1: SPX | F1: BMY US | G1: NFLX | H1: SPX | I1: BMY US | J1: NFLX | K1: SPX | L1: BMY UN | M1: NFLX | N1: SPX
B2: Date | C2: Last Price | D2: Last Price | E2: Last Price | F2: Log Return | I2: x-mean | L2: (x-mean)^2
B3: 45474 | C3: 41.3 | D3: 673.61 | E3: 5475.09 | F3: =LN(C4/C3) -> -0.020795856 | G3: =LN(D4/D3) -> 0.0088236519 | H3: =LN(E4/E3) -> 0.0061762198 | I3: =F3-$F$194 -> -0.022880602 | J3: =G3-$G$194 -> 0.007084347 | K3: =H3-$H$194 -> 0.0060442854 | L3: =I3^2 -> 0.00052352195 | M3: =J3^2 -> 5.0187972e-05 | N3: =K3^2 -> 3.6533387e-05
B4: 45475 | C4: 40.45 | D4: 679.58 | E4: 5509.01 | F4: =LN(C5/C4) -> -0.0096883133 | G4: =LN(D5/D4) -> 0.0043022187 | H4: =LN(E5/E4) -> 0.0050715162 | I4: =F4-$F$194 -> -0.011773059 | J4: =G4-$G$194 -> 0.0025629138 | K4: =H4-$H$194 -> 0.0049395819 | L4: =I4^2 -> 0.00013860491 | M4: =J4^2 -> 6.5685271e-06 | N4: =K4^2 -> 2.4399469e-05
B5: 45476 | C5: 40.06 | D5: 682.51 | E5: 5537.02 | F5: =LN(C6/C5) -> -0.010035207 | G5: =LN(D6/D5) -> 0.011856004 | H5: =LN(E6/E5) -> 0.0054339884 | I5: =F5-$F$194 -> -0.012119953 | J5: =G5-$G$194 -> 0.010116699 | K5: =H5-$H$194 -> 0.0053020541 | L5: =I5^2 -> 0.00014689325 | M5: =J5^2 -> 0.0001023476 | N5: =K5^2 -> 2.8111778e-05
B6: 45478 | C6: 39.66 | D6: 690.65 | E6: 5567.19 | F6: =LN(C7/C6) -> 0.0082862998 | G6: =LN(D7/D6) -> -0.007134636 | H6: =LN(E7/E6) -> 0.0010161544 | I6: =F6-$F$194 -> 0.0062015542 | J6: =G6-$G$194 -> -0.0088739409 | K6: =H6-$H$194 -> 0.0008842201 | L6: =I6^2 -> 3.8459275e-05 | M6: =J6^2 -> 7.8746827e-05 | N6: =K6^2 -> 7.8184518e-07
B7: 45481 | C7: 39.99 | D7: 685.74 | E7: 5572.85 | F7: =LN(C8/C7) -> 0.021522167 | G7: =LN(D8/D7) -> 0 | H7: =LN(E8/E7) -> 0.0007408185 | I7: =F7-$F$194 -> 0.019437421 | J7: =G7-$G$194 -> -0.0017393049 | K7: =H7-$H$194 -> 0.00060888417 | L7: =I7^2 -> 0.00037781333 | M7: =J7^2 -> 3.0251815e-06 | N7: =K7^2 -> 3.7073994e-07
B8: 45482 | C8: 40.86 | D8: 685.74 | E8: 5576.98 | F8: =LN(C9/C8) -> 0.0063430318 | G8: =LN(D9/D8) -> -0.011867617 | H8: =LN(E9/E8) -> 0.010156284 | I8: =F8-$F$194 -> 0.0042582862 | J8: =G8-$G$194 -> -0.013606922 | K8: =H8-$H$194 -> 0.010024349 | L8: =I8^2 -> 1.8133001e-05 | M8: =J8^2 -> 0.00018514831 | N8: =K8^2 -> 0.00010048758
B9: 45483 | C9: 41.12 | D9: 677.65 | E9: 5633.91 | F9: =LN(C10/C9) -> -0.0090387815 | G9: =LN(D10/D9) -> -0.037436723 | H9: =LN(E10/E9) -> -0.0088016292 | I9: =F9-$F$194 -> -0.011123527 | J9: =G9-$G$194 -> -0.039176028 | K9: =H9-$H$194 -> -0.0089335636 | L9: =I9^2 -> 0.00012373285 | M9: =J9^2 -> 0.0015347612 | N9: =K9^2 -> 7.9808558e-05
B10: 45484 | C10: 40.75 | D10: 652.75 | E10: 5584.54 | F10: =LN(C11/C10) -> -0.0071420079 | G10: =LN(D11/D10) -> -0.0079209858 | H10: =LN(E11/E10) -> 0.0055018536 | I10: =F10-$F$194 -> -0.0092267535 | J10: =G10-$G$194 -> -0.0096602907 | K10: =H10-$H$194 -> 0.0053699193 | L10: =I10^2 -> 8.513298e-05 | M10: =J10^2 -> 9.3321216e-05 | N10: =K10^2 -> 2.8836033e-05
B11: 45485 | C11: 40.46 | D11: 647.6 | E11: 5615.35 | F11: =LN(C12/C11) -> -0.0076913913 | G11: =LN(D12/D11) -> 0.013573308 | H11: =LN(E12/E11) -> 0.0028221957 | I11: =F11-$F$194 -> -0.0097761369 | J11: =G11-$G$194 -> 0.011834003 | K11: =H11-$H$194 -> 0.0026902613 | L11: =I11^2 -> 9.5572852e-05 | M11: =J11^2 -> 0.00014004362 | N11: =K11^2 -> 7.237506e-06
B12: 45488 | C12: 40.15 | D12: 656.45 | E12: 5631.22 | F12: =LN(C13/C12) -> 0.025815816 | G12: =LN(D13/D12) -> -0.0001980545 | H12: =LN(E13/E12) -> 0.0063690537 | I12: =F12-$F$194 -> 0.02373107 | J12: =G12-$G$194 -> -0.0019373594 | K12: =H12-$H$194 -> 0.0062371193 | L12: =I12^2 -> 0.0005631637 | M12: =J12^2 -> 3.7533614e-06 | N12: =K12^2 -> 3.8901658e-05
B13: 45489 | C13: 41.2 | D13: 656.32 | E13: 5667.2 | F13: =LN(C14/C13) -> 0.046244161 | G13: =LN(D14/D13) -> -0.013591459 | H13: =LN(E14/E13) -> -0.014025411 | I13: =F13-$F$194 -> 0.044159416 | J13: =G13-$G$194 -> -0.015330764 | K13: =H13-$H$194 -> -0.014157345 | L13: =I13^2 -> 0.001950054 | M13: =J13^2 -> 0.00023503233 | N13: =K13^2 -> 0.00020043041
B14: 45490 | C14: 43.15 | D14: 647.46 | E14: 5588.27 | F14: =LN(C15/C14) -> -0.017769932 | G14: =LN(D15/D14) -> -0.0068500849 | H14: =LN(E15/E14) -> -0.0078470805 | I14: =F14-$F$194 -> -0.019854678 | J14: =G14-$G$194 -> -0.0085893898 | K14: =H14-$H$194 -> -0.0079790148 | L14: =I14^2 -> 0.00039420823 | M14: =J14^2 -> 7.3777617e-05 | N14: =K14^2 -> 6.3664677e-05
... B189: 45744 | C189: 60.02 | D189: 933.85 | E189: 5580.94 | F189: =LN(C190/C189) -> 0.016032076 | G189: =LN(D190/D189) -> -0.0014145032 | H189: =LN(E190/E189) -> 0.0055232125 | I189: =F189-$F$194 -> 0.013947331 | J189: =G189-$G$194 -> -0.0031538081 | K189: =H189-$H$194 -> 0.0053912781 | L189: =I189^2 -> 0.00019452804 | M189: =J189^2 -> 9.9465053e-06 | N189: =K189^2 -> 2.906588e-05
B190: 45747 | C190: 60.99 | D190: 932.53 | E190: 5611.85
B192: Count | C192: =COUNT(B3:B190) -> 188 | E192: Risk Free rate | F192: 0.04205 | J192: Sum | K192: =SUM(L3:L183) -> 0.066320238 | L192: =SUM(M3:M183) -> 0.071184011 | M192: =SUM(N3:N185) -> 0.016176988
J193: /n-1 | K193: =K192/($C$192-1) -> 0.00035465368 | L193: =L192/($C$192-1) -> 0.00038066316 | M193: =M192/($C$192-1) -> 8.6507958e-05
E194: Average Returns | F194: =AVERAGE(F3:F189) -> 0.0020847455 | G194: =AVERAGE(G3:G189) -> 0.0017393049 | H194: =AVERAGE(H3:H189) -> 0.00013193433 | J194: stdev | K194: =SQRT(K193) -> 0.018832251 | L194: =SQRT(L193) -> 0.019510591 | M194: =SQRT(M193) -> 0.0093009654
E195: Annualised | F195: =F194*252 -> 0.52535588 | G195: =G194*252 -> 0.43830483 | H195: =H194*252 -> 0.033247451 | J195: annualised | K195: =K194*SQRT(252) -> 0.29895272 | L195: =L194*SQRT(252) -> 0.30972103 | M195: =M194*SQRT(252) -> 0.14764825
E198: Critical value 95% | F198: 1.645
E199: StDev | F199: =K194 -> 0.018832251 | G199: =L194 -> 0.019510591
E200: Portolio value | F200: =C190 -> 60.99 | G200: =D190 -> 932.53
E203: VAR | F203: =F198*F199*F200 -> 1.8894124 | G203: =F198*G199*G200 -> 29.929478 | H203: The most we will lose

Sheet CAPM
B1: BMY UN | C1: SPX | D1: BMY UN | E1: SPX | F1: Risk Free Rate | G1: ER_BMY UN | H1: ER_SPX
A2: Date | B2: Last Price | C2: Last Price | D2: Log Return | F2: ='Q 1&2'!F192 -> 0.04205 | J2: Beta | K2: =SLOPE(G3:G190,H3:H190) -> 0.016832064
A3: 45474 | B3: 41.3 | C3: 5475.09 | D3: =LN(B4/B3) -> -0.020795856 | E3: =LN(C4/C3) -> 0.0061762198 | G3: =B3-$F$2/252 -> 41.299833 | H3: =C3-$F$2/252 -> 5475.0898
A4: 45475 | B4: 40.45 | C4: 5509.01 | D4: =LN(B5/B4) -> -0.0096883133 | E4: =LN(C5/C4) -> 0.0050715162 | G4: =B4-$F$2/252 -> 40.449833 | H4: =C4-$F$2/252 -> 5509.0098 | J4: Regression | K4: {=LINEST(G3:G190,H3:H190,FALSE,FALSE)} -> 0.0092841933 | L4: 0
A5: 45476 | B5: 40.06 | C5: 5537.02 | D5: =LN(B6/B5) -> -0.010035207 | E5: =LN(C6/C5) -> 0.0054339884 | G5: =B5-$F$2/252 -> 40.059833 | H5: =C5-$F$2/252 -> 5537.0198
A6: 45478 | B6: 39.66 | C6: 5567.19 | D6: =LN(B7/B6) -> 0.0082862998 | E6: =LN(C7/C6) -> 0.0010161544 | G6: =B6-$F$2/252 -> 39.659833 | H6: =C6-$F$2/252 -> 5567.1898
A7: 45481 | B7: 39.99 | C7: 5572.85 | D7: =LN(B8/B7) -> 0.021522167 | E7: =LN(C8/C7) -> 0.0007408185 | G7: =B7-$F$2/252 -> 39.989833 | H7: =C7-$F$2/252 -> 5572.8498
A8: 45482 | B8: 40.86 | C8: 5576.98 | D8: =LN(B9/B8) -> 0.0063430318 | E8: =LN(C9/C8) -> 0.010156284 | G8: =B8-$F$2/252 -> 40.859833 | H8: =C8-$F$2/252 -> 5576.9798
A9: 45483 | B9: 41.12 | C9: 5633.91 | D9: =LN(B10/B9) -> -0.0090387815 | E9: =LN(C10/C9) -> -0.0088016292 | G9: =B9-$F$2/252 -> 41.119833 | H9: =C9-$F$2/252 -> 5633.9098
A10: 45484 | B10: 40.75 | C10: 5584.54 | D10: =LN(B11/B10) -> -0.0071420079 | E10: =LN(C11/C10) -> 0.0055018536 | G10: =B10-$F$2/252 -> 40.749833 | H10: =C10-$F$2/252 -> 5584.5398
A11: 45485 | B11: 40.46 | C11: 5615.35 | D11: =LN(B12/B11) -> -0.0076913913 | E11: =LN(C12/C11) -> 0.0028221957 | G11: =B11-$F$2/252 -> 40.459833 | H11: =C11-$F$2/252 -> 5615.3498 | J11: Beta | K11: =SLOPE(G3:G190, H3:H190) -> 0.016832064
A12: 45488 | B12: 40.15 | C12: 5631.22 | D12: =LN(B13/B12) -> 0.025815816 | E12: =LN(C13/C12) -> 0.0063690537 | G12: =B12-$F$2/252 -> 40.149833 | H12: =C12-$F$2/252 -> 5631.2198 | J12: Regression | K12: {=LINEST(G3:G190, H3:H190)} -> 0.016832064 | L12: -43.685992
A13: 45489 | B13: 41.2 | C13: 5667.2 | D13: =LN(B14/B13) -> 0.046244161 | E13: =LN(C14/C13) -> -0.014025411 | G13: =B13-$F$2/252 -> 41.199833 | H13: =C13-$F$2/252 -> 5667.1998
A14: 45490 | B14: 43.15 | C14: 5588.27 | D14: =LN(B15/B14) -> -0.017769932 | E14: =LN(C15/C14) -> -0.0078470805 | G14: =B14-$F$2/252 -> 43.149833 | H14: =C14-$F$2/252 -> 5588.2698
A15: 45491 | B15: 42.39 | C15: 5544.59 | D15: =LN(B16/B15) -> 0.0058802945 | E15: =LN(C16/C15) -> -0.0071659074 | G15: =B15-$F$2/252 -> 42.389833 | H15: =C15-$F$2/252 -> 5544.5898
A16: 45492 | B16: 42.64 | C16: 5505 | D16: =LN(B17/B16) -> 0.00070331734 | E16: =LN(C17/C16) -> 0.010734189 | G16: =B16-$F$2/252 -> 42.639833 | H16: =C16-$F$2/252 -> 5504.9998
A17: 45495 | B17: 42.67 | C17: 5564.41 | D17: =LN(B18/B17) -> 0.007238794 | E17: =LN(C18/C17) -> -0.0015593318 | G17: =B17-$F$2/252 -> 42.669833 | H17: =C17-$F$2/252 -> 5564.4098
A18: 45496 | B18: 42.98 | C18: 5555.74 | D18: =LN(B19/B18) -> 0.038343355 | E18: =LN(C19/C18) -> -0.023421178 | G18: =B18-$F$2/252 -> 42.979833 | H18: =C18-$F$2/252 -> 5555.7398
A19: 45497 | B19: 44.66 | C19: 5427.13 | D19: =LN(B20/B19) -> 0.013566315 | E19: =LN(C20/C19) -> -0.0051559504 | G19: =B19-$F$2/252 -> 44.659833 | H19: =C19-$F$2/252 -> 5427.1298
A20: 45498 | B20: 45.27 | C20: 5399.22 | D20: =LN(B21/B20) -> 0.10833819 | E20: =LN(C21/C20) -> 0.011029442 | G20: =B20-$F$2/252 -> 45.269833 | H20: =C20-$F$2/252 -> 5399.2198
A21: 45499 | B21: 50.45 | C21: 5459.1 | D21: =LN(B22/B21) -> -0.029570695 | E21: =LN(C22/C21) -> 0.00081299031 | G21: =B21-$F$2/252 -> 50.449833 | H21: =C21-$F$2/252 -> 5459.0998
A22: 45502 | B22: 48.98 | C22: 5463.54 | D22: =LN(B23/B22) -> 0.0014281345 | E22: =LN(C23/C22) -> -0.0049724964 | G22: =B22-$F$2/252 -> 48.979833 | H22: =C22-$F$2/252 -> 5463.5398
A23: 45503 | B23: 49.05 | C23: 5436.44 | D23: =LN(B24/B23) -> -0.030848114 | E23: =LN(C24/C23) -> 0.015670005 | G23: =B23-$F$2/252 -> 49.049833 | H23: =C23-$F$2/252 -> 5436.4398
A24: 45504 | B24: 47.56 | C24: 5522.3 | D24: =LN(B25/B24) -> 0.012744349 | E24: =LN(C25/C24) -> -0.013788191 | G24: =B24-$F$2/252 -> 47.559833 | H24: =C24-$F$2/252 -> 5522.2998
... A189: 45744 | B189: 60.02 | C189: 5580.94 | D189: =LN(B190/B189) -> 0.016032076 | E189: =LN(C190/C189) -> 0.0055232125 | G189: =B189-$F$2/252 -> 60.019833 | H189: =C189-$F$2/252 -> 5580.9398
A190: 45747 | B190: 60.99 | C190: 5611.85 | G190: =B190-$F$2/252 -> 60.989833 | H190: =C190-$F$2/252 -> 5611.8498

Sheet MACD
B1: n | C1: 9 | D1: 12 | E1: 26 | G1: 9
B2: Weight | C2: =2/(C1+1) -> 0.2 | D2: =2/(D1+1) -> 0.15384615 | E2: =2/(E1+1) -> 0.074074074 | G2: =2/(G1+1) -> 0.2
A4: Date | B4: BMY UN | C4: 9-Day EMA | D4: 12-Day EMA | E4: 26-Day EMA | F4: MACD Line | G4: Signal Line | H4: Histogram
A5: 45474 | B5: 41.3 | C5: =IF(COUNTA($B$5:$B5)<=C$1,AVERAGE($B$5:$B5),C$2*($B5-$C4)+$C4) -> 41.3 | D5: =IF(COUNTA($B$5:$B5)<=D$1,AVERAGE($B$5:$B5),D$2*($B5-$D4)+$D4) -> 41.3 | E5: =IF(COUNTA($B$5:$B5)<=E$1,AVERAGE($B$5:$B5),E$2*($B5-$E4)+$E4) -> 41.3
A6: 45475 | B6: 40.45 | C6: =IF(COUNTA($B$5:$B6)<=C$1,AVERAGE($B$5:$B6),C$2*($B6-$C5)+$C5) -> 40.875 | D6: =IF(COUNTA($B$5:$B6)<=D$1,AVERAGE($B$5:$B6),D$2*($B6-$D5)+$D5) -> 40.875 | E6: =IF(COUNTA($B$5:$B6)<=E$1,AVERAGE($B$5:$B6),E$2*($B6-$E5)+$E5) -> 40.875
A7: 45476 | B7: 40.06 | C7: =IF(COUNTA($B$5:$B7)<=C$1,AVERAGE($B$5:$B7),C$2*($B7-$C6)+$C6) -> 40.603333 | D7: =IF(COUNTA($B$5:$B7)<=D$1,AVERAGE($B$5:$B7),D$2*($B7-$D6)+$D6) -> 40.603333 | E7: =IF(COUNTA($B$5:$B7)<=E$1,AVERAGE($B$5:$B7),E$2*($B7-$E6)+$E6) -> 40.603333
A8: 45478 | B8: 39.66 | C8: =IF(COUNTA($B$5:$B8)<=C$1,AVERAGE($B$5:$B8),C$2*($B8-$C7)+$C7) -> 40.3675 | D8: =IF(COUNTA($B$5:$B8)<=D$1,AVERAGE($B$5:$B8),D$2*($B8-$D7)+$D7) -> 40.3675 | E8: =IF(COUNTA($B$5:$B8)<=E$1,AVERAGE($B$5:$B8),E$2*($B8-$E7)+$E7) -> 40.3675
A9: 45481 | B9: 39.99 | C9: =IF(COUNTA($B$5:$B9)<=C$1,AVERAGE($B$5:$B9),C$2*($B9-$C8)+$C8) -> 40.292 | D9: =IF(COUNTA($B$5:$B9)<=D$1,AVERAGE($B$5:$B9),D$2*($B9-$D8)+$D8) -> 40.292 | E9: =IF(COUNTA($B$5:$B9)<=E$1,AVERAGE($B$5:$B9),E$2*($B9-$E8)+$E8) -> 40.292
A10: 45482 | B10: 40.86 | C10: =IF(COUNTA($B$5:$B10)<=C$1,AVERAGE($B$5:$B10),C$2*($B10-$C9)+$C9) -> 40.386667 | D10: =IF(COUNTA($B$5:$B10)<=D$1,AVERAGE($B$5:$B10),D$2*($B10-$D9)+$D9) -> 40.386667 | E10: =IF(COUNTA($B$5:$B10)<=E$1,AVERAGE($B$5:$B10),E$2*($B10-$E9)+$E9) -> 40.386667
A11: 45483 | B11: 41.12 | C11: =IF(COUNTA($B$5:$B11)<=C$1,AVERAGE($B$5:$B11),C$2*($B11-$C10)+$C10) -> 40.491429 | D11: =IF(COUNTA($B$5:$B11)<=D$1,AVERAGE($B$5:$B11),D$2*($B11-$D10)+$D10) -> 40.491429 | E11: =IF(COUNTA($B$5:$B11)<=E$1,AVERAGE($B$5:$B11),E$2*($B11-$E10)+$E10) -> 40.491429
A12: 45484 | B12: 40.75 | C12: =IF(COUNTA($B$5:$B12)<=C$1,AVERAGE($B$5:$B12),C$2*($B12-$C11)+$C11) -> 40.52375 | D12: =IF(COUNTA($B$5:$B12)<=D$1,AVERAGE($B$5:$B12),D$2*($B12-$D11)+$D11) -> 40.52375 | E12: =IF(COUNTA($B$5:$B12)<=E$1,AVERAGE($B$5:$B12),E$2*($B12-$E11)+$E11) -> 40.52375
A13: 45485 | B13: 40.46 | C13: =IF(COUNTA($B$5:$B13)<=C$1,AVERAGE($B$5:$B13),C$2*($B13-$C12)+$C12) -> 40.516667 | D13: =IF(COUNTA($B$5:$B13)<=D$1,AVERAGE($B$5:$B13),D$2*($B13-$D12)+$D12) -> 40.516667 | E13: =IF(COUNTA($B$5:$B13)<=E$1,AVERAGE($B$5:$B13),E$2*($B13-$E12)+$E12) -> 40.516667
A14: 45488 | B14: 40.15 | C14: =IF(COUNTA($B$5:$B14)<=C$1,AVERAGE($B$5:$B14),C$2*($B14-$C13)+$C13) -> 40.443333 | D14: =IF(COUNTA($B$5:$B14)<=D$1,AVERAGE($B$5:$B14),D$2*($B14-$D13)+$D13) -> 40.48 | E14: =IF(COUNTA($B$5:$B14)<=E$1,AVERAGE($B$5:$B14),E$2*($B14-$E13)+$E13) -> 40.48
A15: 45489 | B15: 41.2 | C15: =IF(COUNTA($B$5:$B15)<=C$1,AVERAGE($B$5:$B15),C$2*($B15-$C14)+$C14) -> 40.594667 | D15: =IF(COUNTA($B$5:$B15)<=D$1,AVERAGE($B$5:$B15),D$2*($B15-$D14)+$D14) -> 40.545455 | E15: =IF(COUNTA($B$5:$B15)<=E$1,AVERAGE($B$5:$B15),E$2*($B15-$E14)+$E14) -> 40.545455
A16: 45490 | B16: 43.15 | C16: =IF(COUNTA($B$5:$B16)<=C$1,AVERAGE($B$5:$B16),C$2*($B16-$C15)+$C15) -> 41.105733 | D16: =IF(COUNTA($B$5:$B16)<=D$1,AVERAGE($B$5:$B16),D$2*($B16-$D15)+$D15) -> 40.7625 | E16: =IF(COUNTA($B$5:$B16)<=E$1,AVERAGE($B$5:$B16),E$2*($B16-$E15)+$E15) -> 40.7625
A17: 45491 | B17: 42.39 | C17: =IF(COUNTA($B$5:$B17)<=C$1,AVERAGE($B$5:$B17),C$2*($B17-$C16)+$C16) -> 41.362587 | D17: =IF(COUNTA($B$5:$B17)<=D$1,AVERAGE($B$5:$B17),D$2*($B17-$D16)+$D16) -> 41.012885 | E17: =IF(COUNTA($B$5:$B17)<=E$1,AVERAGE($B$5:$B17),E$2*($B17-$E16)+$E16) -> 40.887692 | F17: =D17-E17 -> 0.12519231 | G17: =IF(COUNTA($F$5:$F17)<=G$1,AVERAGE($F$5:$F17),G$2*($F17-$G16)+$G16) -> 0.12519231 | H17: =F17-G17 -> 0
A18: 45492 | B18: 42.64 | C18: =IF(COUNTA($B$5:$B18)<=C$1,AVERAGE($B$5:$B18),C$2*($B18-$C17)+$C17) -> 41.618069 | D18: =IF(COUNTA($B$5:$B18)<=D$1,AVERAGE($B$5:$B18),D$2*($B18-$D17)+$D17) -> 41.26321 | E18: =IF(COUNTA($B$5:$B18)<=E$1,AVERAGE($B$5:$B18),E$2*($B18-$E17)+$E17) -> 41.012857 | F18: =D18-E18 -> 0.25035292 | G18: =IF(COUNTA($F$5:$F18)<=G$1,AVERAGE($F$5:$F18),G$2*($F18-$G17)+$G17) -> 0.18777261 | H18: =F18-G18 -> 0.062580304
A19: 45495 | B19: 42.67 | C19: =IF(COUNTA($B$5:$B19)<=C$1,AVERAGE($B$5:$B19),C$2*($B19-$C18)+$C18) -> 41.828455 | D19: =IF(COUNTA($B$5:$B19)<=D$1,AVERAGE($B$5:$B19),D$2*($B19-$D18)+$D18) -> 41.479639 | E19: =IF(COUNTA($B$5:$B19)<=E$1,AVERAGE($B$5:$B19),E$2*($B19-$E18)+$E18) -> 41.123333 | F19: =D19-E19 -> 0.35630595 | G19: =IF(COUNTA($F$5:$F19)<=G$1,AVERAGE($F$5:$F19),G$2*($F19-$G18)+$G18) -> 0.24395039 | H19: =F19-G19 -> 0.11235556
A20: 45496 | B20: 42.98 | C20: =IF(COUNTA($B$5:$B20)<=C$1,AVERAGE($B$5:$B20),C$2*($B20-$C19)+$C19) -> 42.058764 | D20: =IF(COUNTA($B$5:$B20)<=D$1,AVERAGE($B$5:$B20),D$2*($B20-$D19)+$D19) -> 41.710464 | E20: =IF(COUNTA($B$5:$B20)<=E$1,AVERAGE($B$5:$B20),E$2*($B20-$E19)+$E19) -> 41.239375 | F20: =D20-E20 -> 0.47108901 | G20: =IF(COUNTA($F$5:$F20)<=G$1,AVERAGE($F$5:$F20),G$2*($F20-$G19)+$G19) -> 0.30073504 | H20: =F20-G20 -> 0.17035396
A21: 45497 | B21: 44.66 | C21: =IF(COUNTA($B$5:$B21)<=C$1,AVERAGE($B$5:$B21),C$2*($B21-$C20)+$C20) -> 42.579011 | D21: =IF(COUNTA($B$5:$B21)<=D$1,AVERAGE($B$5:$B21),D$2*($B21-$D20)+$D20) -> 42.164239 | E21: =IF(COUNTA($B$5:$B21)<=E$1,AVERAGE($B$5:$B21),E$2*($B21-$E20)+$E20) -> 41.440588 | F21: =D21-E21 -> 0.72365054 | G21: =IF(COUNTA($F$5:$F21)<=G$1,AVERAGE($F$5:$F21),G$2*($F21-$G20)+$G20) -> 0.38531814 | H21: =F21-G21 -> 0.3383324
A22: 45498 | B22: 45.27 | C22: =IF(COUNTA($B$5:$B22)<=C$1,AVERAGE($B$5:$B22),C$2*($B22-$C21)+$C21) -> 43.117209 | D22: =IF(COUNTA($B$5:$B22)<=D$1,AVERAGE($B$5:$B22),D$2*($B22-$D21)+$D21) -> 42.642048 | E22: =IF(COUNTA($B$5:$B22)<=E$1,AVERAGE($B$5:$B22),E$2*($B22-$E21)+$E21) -> 41.653333 | F22: =D22-E22 -> 0.98871486 | G22: =IF(COUNTA($F$5:$F22)<=G$1,AVERAGE($F$5:$F22),G$2*($F22-$G21)+$G21) -> 0.48588426 | H22: =F22-G22 -> 0.5028306
A23: 45499 | B23: 50.45 | C23: =IF(COUNTA($B$5:$B23)<=C$1,AVERAGE($B$5:$B23),C$2*($B23-$C22)+$C22) -> 44.583767 | D23: =IF(COUNTA($B$5:$B23)<=D$1,AVERAGE($B$5:$B23),D$2*($B23-$D22)+$D22) -> 43.843272 | E23: =IF(COUNTA($B$5:$B23)<=E$1,AVERAGE($B$5:$B23),E$2*($B23-$E22)+$E22) -> 42.116316 | F23: =D23-E23 -> 1.7269558 | G23: =IF(COUNTA($F$5:$F23)<=G$1,AVERAGE($F$5:$F23),G$2*($F23-$G22)+$G22) -> 0.66318019 | H23: =F23-G23 -> 1.0637756
A24: 45502 | B24: 48.98 | C24: =IF(COUNTA($B$5:$B24)<=C$1,AVERAGE($B$5:$B24),C$2*($B24-$C23)+$C23) -> 45.463014 | D24: =IF(COUNTA($B$5:$B24)<=D$1,AVERAGE($B$5:$B24),D$2*($B24-$D23)+$D23) -> 44.633537 | E24: =IF(COUNTA($B$5:$B24)<=E$1,AVERAGE($B$5:$B24),E$2*($B24-$E23)+$E23) -> 42.4595 | F24: =D24-E24 -> 2.1740375 | G24: =IF(COUNTA($F$5:$F24)<=G$1,AVERAGE($F$5:$F24),G$2*($F24-$G23)+$G23) -> 0.85203735 | H24: =F24-G24 -> 1.3220001
A25: 45503 | B25: 49.05 | C25: =IF(COUNTA($B$5:$B25)<=C$1,AVERAGE($B$5:$B25),C$2*($B25-$C24)+$C24) -> 46.180411 | D25: =IF(COUNTA($B$5:$B25)<=D$1,AVERAGE($B$5:$B25),D$2*($B25-$D24)+$D24) -> 45.312993 | E25: =IF(COUNTA($B$5:$B25)<=E$1,AVERAGE($B$5:$B25),E$2*($B25-$E24)+$E24) -> 42.773333 | F25: =D25-E25 -> 2.5396599 | G25: =IF(COUNTA($F$5:$F25)<=G$1,AVERAGE($F$5:$F25),G$2*($F25-$G24)+$G24) -> 1.039551 | H25: =F25-G25 -> 1.5001089
A26: 45504 | B26: 47.56 | C26: =IF(COUNTA($B$5:$B26)<=C$1,AVERAGE($B$5:$B26),C$2*($B26-$C25)+$C25) -> 46.456329 | D26: =IF(COUNTA($B$5:$B26)<=D$1,AVERAGE($B$5:$B26),D$2*($B26-$D25)+$D25) -> 45.658687 | E26: =IF(COUNTA($B$5:$B26)<=E$1,AVERAGE($B$5:$B26),E$2*($B26-$E25)+$E25) -> 42.990909 | F26: =D26-E26 -> 2.6677775 | G26: =IF(COUNTA($F$5:$F26)<=G$1,AVERAGE($F$5:$F26),G$2*($F26-$G25)+$G25) -> 1.3651963 | H26: =F26-G26 -> 1.3025812
A27: 45505 | B27: 48.17 | C27: =IF(COUNTA($B$5:$B27)<=C$1,AVERAGE($B$5:$B27),C$2*($B27-$C26)+$C26) -> 46.799063 | D27: =IF(COUNTA($B$5:$B27)<=D$1,AVERAGE($B$5:$B27),D$2*($B27-$D26)+$D26) -> 46.045042 | E27: =IF(COUNTA($B$5:$B27)<=E$1,AVERAGE($B$5:$B27),E$2*($B27-$E26)+$E26) -> 43.216087 | F27: =D27-E27 -> 2.8289555 | G27: =IF(COUNTA($F$5:$F27)<=G$1,AVERAGE($F$5:$F27),G$2*($F27-$G26)+$G26) -> 1.6579481 | H27: =F27-G27 -> 1.1710074
A28: 45506 | B28: 48.77 | C28: =IF(COUNTA($B$5:$B28)<=C$1,AVERAGE($B$5:$B28),C$2*($B28-$C27)+$C27) -> 47.19325 | D28: =IF(COUNTA($B$5:$B28)<=D$1,AVERAGE($B$5:$B28),D$2*($B28-$D27)+$D27) -> 46.464267 | E28: =IF(COUNTA($B$5:$B28)<=E$1,AVERAGE($B$5:$B28),E$2*($B28-$E27)+$E27) -> 43.4475 | F28: =D28-E28 -> 3.0167667 | G28: =IF(COUNTA($F$5:$F28)<=G$1,AVERAGE($F$5:$F28),G$2*($F28-$G27)+$G27) -> 1.9297118 | H28: =F28-G28 -> 1.0870549
... A192: 45747 | B192: 60.99 | C192: =IF(COUNTA($B$5:$B192)<=C$1,AVERAGE($B$5:$B192),C$2*($B192-$C191)+$C191) -> 60.053949 | D192: =IF(COUNTA($B$5:$B192)<=D$1,AVERAGE($B$5:$B192),D$2*($B192-$D191)+$D191) -> 60.012387 | E192: =IF(COUNTA($B$5:$B192)<=E$1,AVERAGE($B$5:$B192),E$2*($B192-$E191)+$E191) -> 59.579028 | F192: =D192-E192 -> 0.43335904 | G192: =IF(COUNTA($F$5:$F192)<=G$1,AVERAGE($F$5:$F192),G$2*($F192-$G191)+$G191) -> 0.54601869 | H192: =F192-G192 -> -0.11265966
A194: Count | B194: =COUNT(B5:B192) -> 188

Sheet RSI
A1: Date | B1: BMY UN | C1: Change | D1: Gain | E1: Loss | F1: Average Gain | G1: Average Loss | H1: RS | I1: 14-Day RSI | J1: 30 Line | K1: 70 line
A2: 45474 | B2: 41.3
A3: 45475 | B3: 40.45 | C3: =B3-B2 -> -0.85 | D3: =IF(C3>0,C3,0) -> 0 | E3: =IF(C3<0,-C3,0) -> 0.85
A4: 45476 | B4: 40.06 | C4: =B4-B3 -> -0.39 | D4: =IF(C4>0,C4,0) -> 0 | E4: =IF(C4<0,-C4,0) -> 0.39
A5: 45478 | B5: 39.66 | C5: =B5-B4 -> -0.4 | D5: =IF(C5>0,C5,0) -> 0 | E5: =IF(C5<0,-C5,0) -> 0.4
A6: 45481 | B6: 39.99 | C6: =B6-B5 -> 0.33 | D6: =IF(C6>0,C6,0) -> 0.33 | E6: =IF(C6<0,-C6,0) -> 0
A7: 45482 | B7: 40.86 | C7: =B7-B6 -> 0.87 | D7: =IF(C7>0,C7,0) -> 0.87 | E7: =IF(C7<0,-C7,0) -> 0
A8: 45483 | B8: 41.12 | C8: =B8-B7 -> 0.26 | D8: =IF(C8>0,C8,0) -> 0.26 | E8: =IF(C8<0,-C8,0) -> 0
A9: 45484 | B9: 40.75 | C9: =B9-B8 -> -0.37 | D9: =IF(C9>0,C9,0) -> 0 | E9: =IF(C9<0,-C9,0) -> 0.37
A10: 45485 | B10: 40.46 | C10: =B10-B9 -> -0.29 | D10: =IF(C10>0,C10,0) -> 0 | E10: =IF(C10<0,-C10,0) -> 0.29
A11: 45488 | B11: 40.15 | C11: =B11-B10 -> -0.31 | D11: =IF(C11>0,C11,0) -> 0 | E11: =IF(C11<0,-C11,0) -> 0.31
A12: 45489 | B12: 41.2 | C12: =B12-B11 -> 1.05 | D12: =IF(C12>0,C12,0) -> 1.05 | E12: =IF(C12<0,-C12,0) -> 0
A13: 45490 | B13: 43.15 | C13: =B13-B12 -> 1.95 | D13: =IF(C13>0,C13,0) -> 1.95 | E13: =IF(C13<0,-C13,0) -> 0
A14: 45491 | B14: 42.39 | C14: =B14-B13 -> -0.76 | D14: =IF(C14>0,C14,0) -> 0 | E14: =IF(C14<0,-C14,0) -> 0.76
A15: 45492 | B15: 42.64 | C15: =B15-B14 -> 0.25 | D15: =IF(C15>0,C15,0) -> 0.25 | E15: =IF(C15<0,-C15,0) -> 0
A16: 45495 | B16: 42.67 | C16: =B16-B15 -> 0.03 | D16: =IF(C16>0,C16,0) -> 0.03 | E16: =IF(C16<0,-C16,0) -> 0 | F16: =SUM(D3:D16)/14 -> 0.33857143 | G16: =SUM(E3:E16)/14 -> 0.24071429 | H16: =F16/G16 -> 1.4065282 | I16: =IF(H16=0,100,100-(100/(1+H16))) -> 58.446363 | J16: =30 -> 30 | K16: 70
A17: 45496 | B17: 42.98 | C17: =B17-B16 -> 0.31 | D17: =IF(C17>0,C17,0) -> 0.31 | E17: =IF(C17<0,-C17,0) -> 0 | F17: =((F16*13)+D17)/14 -> 0.33653061 | G17: =((G16*13)+E17)/14 -> 0.22352041 | H17: =F17/G17 -> 1.5055923 | I17: =IF(H17=0,100,100-(100/(1+H17))) -> 60.089278 | J17: =30 -> 30 | K17: 70
A18: 45497 | B18: 44.66 | C18: =B18-B17 -> 1.68 | D18: =IF(C18>0,C18,0) -> 1.68 | E18: =IF(C18<0,-C18,0) -> 0 | F18: =((F17*13)+D18)/14 -> 0.43249271 | G18: =((G17*13)+E18)/14 -> 0.20755466 | H18: =F18/G18 -> 2.0837533 | I18: =IF(H18=0,100,100-(100/(1+H18))) -> 67.571984 | J18: =30 -> 30 | K18: 70
A19: 45498 | B19: 45.27 | C19: =B19-B18 -> 0.61 | D19: =IF(C19>0,C19,0) -> 0.61 | E19: =IF(C19<0,-C19,0) -> 0 | F19: =((F18*13)+D19)/14 -> 0.4451718 | G19: =((G18*13)+E19)/14 -> 0.19272933 | H19: =F19/G19 -> 2.309829 | I19: =IF(H19=0,100,100-(100/(1+H19))) -> 69.786959 | J19: =30 -> 30 | K19: 70
A20: 45499 | B20: 50.45 | C20: =B20-B19 -> 5.18 | D20: =IF(C20>0,C20,0) -> 5.18 | E20: =IF(C20<0,-C20,0) -> 0 | F20: =((F19*13)+D20)/14 -> 0.78337382 | G20: =((G19*13)+E20)/14 -> 0.17896295 | H20: =F20/G20 -> 4.3772961 | I20: =IF(H20=0,100,100-(100/(1+H20))) -> 81.403293 | J20: =30 -> 30 | K20: 70
A21: 45502 | B21: 48.98 | C21: =B21-B20 -> -1.47 | D21: =IF(C21>0,C21,0) -> 0 | E21: =IF(C21<0,-C21,0) -> 1.47 | F21: =((F20*13)+D21)/14 -> 0.72741854 | G21: =((G20*13)+E21)/14 -> 0.27117988 | H21: =F21/G21 -> 2.6824208 | I21: =IF(H21=0,100,100-(100/(1+H21))) -> 72.843951 | J21: =30 -> 30 | K21: 70
A22: 45503 | B22: 49.05 | C22: =B22-B21 -> 0.07 | D22: =IF(C22>0,C22,0) -> 0.07 | E22: =IF(C22<0,-C22,0) -> 0 | F22: =((F21*13)+D22)/14 -> 0.68046008 | G22: =((G21*13)+E22)/14 -> 0.25180989 | H22: =F22/G22 -> 2.702277 | I22: =IF(H22=0,100,100-(100/(1+H22))) -> 72.989595 | J22: =30 -> 30 | K22: 70
A23: 45504 | B23: 47.56 | C23: =B23-B22 -> -1.49 | D23: =IF(C23>0,C23,0) -> 0 | E23: =IF(C23<0,-C23,0) -> 1.49 | F23: =((F22*13)+D23)/14 -> 0.63185579 | G23: =((G22*13)+E23)/14 -> 0.34025204 | H23: =F23/G23 -> 1.8570228 | I23: =IF(H23=0,100,100-(100/(1+H23))) -> 64.998529 | J23: =30 -> 30 | K23: 70
A24: 45505 | B24: 48.17 | C24: =B24-B23 -> 0.61 | D24: =IF(C24>0,C24,0) -> 0.61 | E24: =IF(C24<0,-C24,0) -> 0 | F24: =((F23*13)+D24)/14 -> 0.63029466 | G24: =((G23*13)+E24)/14 -> 0.31594832 | H24: =F24/G24 -> 1.9949296 | I24: =IF(H24=0,100,100-(100/(1+H24))) -> 66.610233 | J24: =30 -> 30 | K24: 70
A25: 45506 | B25: 48.77 | C25: =B25-B24 -> 0.6 | D25: =IF(C25>0,C25,0) -> 0.6 | E25: =IF(C25<0,-C25,0) -> 0 | F25: =((F24*13)+D25)/14 -> 0.62813075 | G25: =((G24*13)+E25)/14 -> 0.29338059 | H25: =F25/G25 -> 2.1410099 | I25: =IF(H25=0,100,100-(100/(1+H25))) -> 68.163106 | J25: =30 -> 30 | K25: 70
A26: 45509 | B26: 47.59 | C26: =B26-B25 -> -1.18 | D26: =IF(C26>0,C26,0) -> 0 | E26: =IF(C26<0,-C26,0) -> 1.18 | F26: =((F25*13)+D26)/14 -> 0.58326427 | G26: =((G25*13)+E26)/14 -> 0.35671055 | H26: =F26/G26 -> 1.6351192 | I26: =IF(H26=0,100,100-(100/(1+H26))) -> 62.051053 | J26: =30 -> 30 | K26: 70
A27: 45510 | B27: 47.31 | C27: =B27-B26 -> -0.28 | D27: =IF(C27>0,C27,0) -> 0 | E27: =IF(C27<0,-C27,0) -> 0.28 | F27: =((F26*13)+D27)/14 -> 0.54160254 | G27: =((G26*13)+E27)/14 -> 0.35123122 | H27: =F27/G27 -> 1.5420114 | I27: =IF(H27=0,100,100-(100/(1+H27))) -> 60.661073 | J27: =30 -> 30 | K27: 70
A28: 45511 | B28: 46.5 | C28: =B28-B27 -> -0.81 | D28: =IF(C28>0,C28,0) -> 0 | E28: =IF(C28<0,-C28,0) -> 0.81 | F28: =((F27*13)+D28)/14 -> 0.50291664 | G28: =((G27*13)+E28)/14 -> 0.38400042 | H28: =F28/G28 -> 1.3096773 | I28: =IF(H28=0,100,100-(100/(1+H28))) -> 56.703909 | J28: =30 -> 30 | K28: 70
... A189: 45747 | B189: 60.99 | C189: =B189-B188 -> 0.97 | D189: =IF(C189>0,C189,0) -> 0.97 | E189: =IF(C189<0,-C189,0) -> 0 | F189: =((F188*13)+D189)/14 -> 0.43355221 | G189: =((G188*13)+E189)/14 -> 0.32239028 | H189: =F189/G189 -> 1.3448055 | I189: =IF(H189=0,100,100-(100/(1+H189))) -> 57.352539 | J189: =30 -> 30 | K189: 70
A191: count | B191: =COUNT(B2:B189) -> 188

Sheet BB
A1: Date | B1: BMY UN | C1: 20 Day MA | D1: STD DEV | E1: Upper Band | F1: Lower Band
A2: 45474 | B2: 41.3
A3: 45475 | B3: 40.45
A4: 45476 | B4: 40.06
A5: 45478 | B5: 39.66
A6: 45481 | B6: 39.99
A7: 45482 | B7: 40.86
A8: 45483 | B8: 41.12
A9: 45484 | B9: 40.75
A10: 45485 | B10: 40.46
A11: 45488 | B11: 40.15
A12: 45489 | B12: 41.2
A13: 45490 | B13: 43.15
... A20: 45499 | B20: 50.45
A21: 45502 | B21: 48.98 | C21: =AVERAGE(B2:B21) -> 42.4595 | D21: =_xlfn.STDEV.S(B2:B21) -> 2.9308207 | E21: =C21+2*D21 -> 48.321141 | F21: =C21-2*D21 -> 36.597859
A22: 45503 | B22: 49.05 | C22: =AVERAGE(B3:B22) -> 42.847 | D22: =_xlfn.STDEV.S(B3:B22) -> 3.262963 | E22: =C22+2*D22 -> 49.372926 | F22: =C22-2*D22 -> 36.321074
A23: 45504 | B23: 47.56 | C23: =AVERAGE(B4:B23) -> 43.2025 | D23: =_xlfn.STDEV.S(B4:B23) -> 3.3735096 | E23: =C23+2*D23 -> 49.949519 | F23: =C23-2*D23 -> 36.455481
A24: 45505 | B24: 48.17 | C24: =AVERAGE(B5:B24) -> 43.608 | D24: =_xlfn.STDEV.S(B5:B24) -> 3.4621481 | E24: =C24+2*D24 -> 50.532296 | F24: =C24-2*D24 -> 36.683704
A25: 45506 | B25: 48.77 | C25: =AVERAGE(B6:B25) -> 44.0635 | D25: =_xlfn.STDEV.S(B6:B25) -> 3.5142781 | E25: =C25+2*D25 -> 51.092056 | F25: =C25-2*D25 -> 37.034944
A26: 45509 | B26: 47.59 | C26: =AVERAGE(B7:B26) -> 44.4435 | D26: =_xlfn.STDEV.S(B7:B26) -> 3.4611198 | E26: =C26+2*D26 -> 51.36574 | F26: =C26-2*D26 -> 37.52126
A27: 45510 | B27: 47.31 | C27: =AVERAGE(B8:B27) -> 44.766 | D27: =_xlfn.STDEV.S(B8:B27) -> 3.4097606 | E27: =C27+2*D27 -> 51.585521 | F27: =C27-2*D27 -> 37.946479
A28: 45511 | B28: 46.5 | C28: =AVERAGE(B9:B28) -> 45.035 | D28: =_xlfn.STDEV.S(B9:B28) -> 3.3179662 | E28: =C28+2*D28 -> 51.670932 | F28: =C28-2*D28 -> 38.399068
A29: 45512 | B29: 46.85 | C29: =AVERAGE(B10:B29) -> 45.34 | D29: =_xlfn.STDEV.S(B10:B29) -> 3.1808771 | E29: =C29+2*D29 -> 51.701754 | F29: =C29-2*D29 -> 38.978246
A30: 45513 | B30: 46.72 | C30: =AVERAGE(B11:B30) -> 45.653 | D30: =_xlfn.STDEV.S(B11:B30) -> 2.9768601 | E30: =C30+2*D30 -> 51.60672 | F30: =C30-2*D30 -> 39.69928
A31: 45516 | B31: 47.06 | C31: =AVERAGE(B12:B31) -> 45.9985 | D31: =_xlfn.STDEV.S(B12:B31) -> 2.6919124 | E31: =C31+2*D31 -> 51.382325 | F31: =C31-2*D31 -> 40.614675
A32: 45517 | B32: 49.06 | C32: =AVERAGE(B13:B32) -> 46.3915 | D32: =_xlfn.STDEV.S(B13:B32) -> 2.5229437 | E32: =C32+2*D32 -> 51.437387 | F32: =C32-2*D32 -> 41.345613
... A189: 45747 | B189: 60.99 | C189: =AVERAGE(B170:B189) -> 60.2495 | D189: =_xlfn.STDEV.S(B170:B189) -> 1.0030085 | E189: =C189+2*D189 -> 62.255517 | F189: =C189-2*D189 -> 58.243483
A191: Count | B191: =COUNT(B2:B189) -> 188

Sheet KD
A1: Date | B1: BMY UN | C1: %K Line | D1: %D Line | E1: 80 Line | F1: 20 line
A2: 45474 | B2: 41.3
A3: 45475 | B3: 40.45
A4: 45476 | B4: 40.06
A5: 45478 | B5: 39.66
A6: 45481 | B6: 39.99
A7: 45482 | B7: 40.86
A8: 45483 | B8: 41.12
A9: 45484 | B9: 40.75
A10: 45485 | B10: 40.46
A11: 45488 | B11: 40.15
A12: 45489 | B12: 41.2 | E12: 80 | F12: 20
A13: 45490 | B13: 43.15 | E13: 80 | F13: 20
A14: 45491 | B14: 42.39 | E14: 80 | F14: 20
A15: 45492 | B15: 42.64 | C15: =(B15-MIN(B2:B15))/(MAX(B2:B15)-MIN(B2:B15))*100 -> 85.386819 | E15: 80 | F15: 20
A16: 45495 | B16: 42.67 | C16: =(B16-MIN(B3:B16))/(MAX(B3:B16)-MIN(B3:B16))*100 -> 86.246418 | E16: 80 | F16: 20
A17: 45496 | B17: 42.98 | C17: =(B17-MIN(B4:B17))/(MAX(B4:B17)-MIN(B4:B17))*100 -> 95.12894 | D17: =AVERAGE(C15:C17) -> 88.920726 | E17: 80 | F17: 20
A18: 45497 | B18: 44.66 | C18: =(B18-MIN(B5:B18))/(MAX(B5:B18)-MIN(B5:B18))*100 -> 100 | D18: =AVERAGE(C16:C18) -> 93.791786 | E18: 80 | F18: 20
A19: 45498 | B19: 45.27 | C19: =(B19-MIN(B6:B19))/(MAX(B6:B19)-MIN(B6:B19))*100 -> 100 | D19: =AVERAGE(C17:C19) -> 98.376313 | E19: 80 | F19: 20
A20: 45499 | B20: 50.45 | C20: =(B20-MIN(B7:B20))/(MAX(B7:B20)-MIN(B7:B20))*100 -> 100 | D20: =AVERAGE(C18:C20) -> 100 | E20: 80 | F20: 20
A21: 45502 | B21: 48.98 | C21: =(B21-MIN(B8:B21))/(MAX(B8:B21)-MIN(B8:B21))*100 -> 85.728155 | D21: =AVERAGE(C19:C21) -> 95.242718 | E21: 80 | F21: 20
A22: 45503 | B22: 49.05 | C22: =(B22-MIN(B9:B22))/(MAX(B9:B22)-MIN(B9:B22))*100 -> 86.407767 | D22: =AVERAGE(C20:C22) -> 90.711974 | E22: 80 | F22: 20
A23: 45504 | B23: 47.56 | C23: =(B23-MIN(B10:B23))/(MAX(B10:B23)-MIN(B10:B23))*100 -> 71.941748 | D23: =AVERAGE(C21:C23) -> 81.359223 | E23: 80 | F23: 20
A24: 45505 | B24: 48.17 | C24: =(B24-MIN(B11:B24))/(MAX(B11:B24)-MIN(B11:B24))*100 -> 77.864078 | D24: =AVERAGE(C22:C24) -> 78.737864 | E24: 80 | F24: 20
A25: 45506 | B25: 48.77 | C25: =(B25-MIN(B12:B25))/(MAX(B12:B25)-MIN(B12:B25))*100 -> 81.837838 | D25: =AVERAGE(C23:C25) -> 77.214554 | E25: 80 | F25: 20
A26: 45509 | B26: 47.59 | C26: =(B26-MIN(B13:B26))/(MAX(B13:B26)-MIN(B13:B26))*100 -> 64.516129 | D26: =AVERAGE(C24:C26) -> 74.739348 | E26: 80 | F26: 20
A27: 45510 | B27: 47.31 | C27: =(B27-MIN(B14:B27))/(MAX(B14:B27)-MIN(B14:B27))*100 -> 61.042184 | D27: =AVERAGE(C25:C27) -> 69.13205 | E27: 80 | F27: 20
A28: 45511 | B28: 46.5 | C28: =(B28-MIN(B15:B28))/(MAX(B15:B28)-MIN(B15:B28))*100 -> 49.423816 | D28: =AVERAGE(C26:C28) -> 58.327376 | E28: 80 | F28: 20
... A189: 45747 | B189: 60.99 | C189: =(B189-MIN(B176:B189))/(MAX(B176:B189)-MIN(B176:B189))*100 -> 97.209302 | D189: =AVERAGE(C187:C189) -> 46.70706 | E189: 80 | F189: 20

Sheet Option pricing 
A1: European Option Model
A4: BMY UN Price | B4: 60.99 | D4: d1 | E4: =(LN(B4/B5)+(B6+0.5*B7^2)*B8)/(B7*SQRT(B8)) -> 0.48616221
A5: Strike Price | B5: 58 | D5: d2 | E5: =(LN(B4/B5)+(B6-0.5*B7^2)*B8)/(B7*SQRT(B8)) -> 0.34028822
A6: Risk-Free Rate | B6: ='Q 1&2'!F192 -> 0.04205
A7: Volatitlity | B7: ='Q 1&2'!K195 -> 0.29895272
A8: Time | B8: =60/252 -> 0.23809524
A10: Call | B10: 1
A12: Option Price | B12: =B4*_xlfn.NORM.S.DIST(E4,TRUE)-B5*EXP(-B6*B8)*_xlfn.NORM.S.DIST(E5,TRUE) -> 5.5155357
B15: 60.99

Sheet Monte Carlo
A1: Asset | B1: ='Q 1&2'!C190 -> 60.99 | E1: Time | F1: 0 | G1: =F1+$B$4 -> 0.003968254 | H1: =G1+$B$4 -> 0.0079365079 | I1: =H1+$B$4 -> 0.011904762 | J1: =I1+$B$4 -> 0.015873016 | K1: =J1+$B$4 -> 0.01984127 | L1: =K1+$B$4 -> 0.023809524 | M1: =L1+$B$4 -> 0.027777778 | N1: =M1+$B$4 -> 0.031746032 | ... BN1: =BM1+$B$4 -> 0.23809524 | BO1: Payoff - call
A2: Drift | B2: ='Q 1&2'!F195 -> 0.52535588 | E2: BMY UN | F2: =$B$1 -> 60.99 | G2: =F2*EXP(($B$2-0.5*$B$3^2)*$B$4+$B$3*_xlfn.NORM.INV(RAND(),0,SQRT($B$4))) -> 60.075982 | H2: =G2*EXP(($B$2-0.5*$B$3^2)*$B$4+$B$3*_xlfn.NORM.INV(RAND(),0,SQRT($B$4))) -> 58.475178 | I2: =H2*EXP(($B$2-0.5*$B$3^2)*$B$4+$B$3*_xlfn.NORM.INV(RAND(),0,SQRT($B$4))) -> 59.235366 | J2: =I2*EXP(($B$2-0.5*$B$3^2)*$B$4+$B$3*_xlfn.NORM.INV(RAND(),0,SQRT($B$4))) -> 58.474788 | K2: =J2*EXP(($B$2-0.5*$B$3^2)*$B$4+$B$3*_xlfn.NORM.INV(RAND(),0,SQRT($B$4))) -> 60.291062 | L2: =K2*EXP(($B$2-0.5*$B$3^2)*$B$4+$B$3*_xlfn.NORM.INV(RAND(),0,SQRT($B$4))) -> 59.905694 | M2: =L2*EXP(($B$2-0.5*$B$3^2)*$B$4+$B$3*_xlfn.NORM.INV(RAND(),0,SQRT($B$4))) -> 61.579736 | N2: =M2*EXP(($B$2-0.5*$B$3^2)*$B$4+$B$3*_xlfn.NORM.INV(RAND(),0,SQRT($B$4))) -> 61.271834 | ... BN2: =BM2*EXP(($B$2-0.5*$B$3^2)*$B$4+$B$3*_xlfn.NORM.INV(RAND(),0,SQRT($B$4))) -> 71.330852 | BO2: =MAX(BN2-$BN$104,0) -> 13.330852
A3: Volitility | B3: ='Q 1&2'!K195 -> 0.29895272 | F3: =$B$1 -> 60.99 | G3: =F3*EXP(($B$2-0.5*$B$3^2)*$B$4+$B$3*_xlfn.NORM.INV(RAND(),0,SQRT($B$4))) -> 61.874266 | H3: =G3*EXP(($B$2-0.5*$B$3^2)*$B$4+$B$3*_xlfn.NORM.INV(RAND(),0,SQRT($B$4))) -> 62.943901 | I3: =H3*EXP(($B$2-0.5*$B$3^2)*$B$4+$B$3*_xlfn.NORM.INV(RAND(),0,SQRT($B$4))) -> 64.214774 | J3: =I3*EXP(($B$2-0.5*$B$3^2)*$B$4+$B$3*_xlfn.NORM.INV(RAND(),0,SQRT($B$4))) -> 63.129486 | K3: =J3*EXP(($B$2-0.5*$B$3^2)*$B$4+$B$3*_xlfn.NORM.INV(RAND(),0,SQRT($B$4))) -> 63.214506 | L3: =K3*EXP(($B$2-0.5*$B$3^2)*$B$4+$B$3*_xlfn.NORM.INV(RAND(),0,SQRT($B$4))) -> 64.779549 | M3: =L3*EXP(($B$2-0.5*$B$3^2)*$B$4+$B$3*_xlfn.NORM.INV(RAND(),0,SQRT($B$4))) -> 65.407183 | N3: =M3*EXP(($B$2-0.5*$B$3^2)*$B$4+$B$3*_xlfn.NORM.INV(RAND(),0,SQRT($B$4))) -> 64.657075 | ... BN3: =BM3*EXP(($B$2-0.5*$B$3^2)*$B$4+$B$3*_xlfn.NORM.INV(RAND(),0,SQRT($B$4))) -> 79.134557 | BO3: =MAX(BN3-$BN$104,0) -> 21.134557
A4: Timestep | B4: =1/252 -> 0.003968254 | F4: =$B$1 -> 60.99 | G4: =F4*EXP(($B$2-0.5*$B$3^2)*$B$4+$B$3*_xlfn.NORM.INV(RAND(),0,SQRT($B$4))) -> 62.31163 | H4: =G4*EXP(($B$2-0.5*$B$3^2)*$B$4+$B$3*_xlfn.NORM.INV(RAND(),0,SQRT($B$4))) -> 62.762838 | I4: =H4*EXP(($B$2-0.5*$B$3^2)*$B$4+$B$3*_xlfn.NORM.INV(RAND(),0,SQRT($B$4))) -> 62.197496 | J4: =I4*EXP(($B$2-0.5*$B$3^2)*$B$4+$B$3*_xlfn.NORM.INV(RAND(),0,SQRT($B$4))) -> 62.693642 | K4: =J4*EXP(($B$2-0.5*$B$3^2)*$B$4+$B$3*_xlfn.NORM.INV(RAND(),0,SQRT($B$4))) -> 61.749783 | L4: =K4*EXP(($B$2-0.5*$B$3^2)*$B$4+$B$3*_xlfn.NORM.INV(RAND(),0,SQRT($B$4))) -> 60.553311 | M4: =L4*EXP(($B$2-0.5*$B$3^2)*$B$4+$B$3*_xlfn.NORM.INV(RAND(),0,SQRT($B$4))) -> 61.079715 | N4: =M4*EXP(($B$2-0.5*$B$3^2)*$B$4+$B$3*_xlfn.NORM.INV(RAND(),0,SQRT($B$4))) -> 62.11208 | ... BN4: =BM4*EXP(($B$2-0.5*$B$3^2)*$B$4+$B$3*_xlfn.NORM.INV(RAND(),0,SQRT($B$4))) -> 58.098779 | BO4: =MAX(BN4-$BN$104,0) -> 0.098778735
A5: Risk free rate | B5: ='Q 1&2'!F192 -> 0.04205 | F5: =$B$1 -> 60.99 | G5: =F5*EXP(($B$2-0.5*$B$3^2)*$B$4+$B$3*_xlfn.NORM.INV(RAND(),0,SQRT($B$4))) -> 61.197821 | H5: =G5*EXP(($B$2-0.5*$B$3^2)*$B$4+$B$3*_xlfn.NORM.INV(RAND(),0,SQRT($B$4))) -> 63.242002 | I5: =H5*EXP(($B$2-0.5*$B$3^2)*$B$4+$B$3*_xlfn.NORM.INV(RAND(),0,SQRT($B$4))) -> 62.672965 | J5: =I5*EXP(($B$2-0.5*$B$3^2)*$B$4+$B$3*_xlfn.NORM.INV(RAND(),0,SQRT($B$4))) -> 62.257874 | K5: =J5*EXP(($B$2-0.5*$B$3^2)*$B$4+$B$3*_xlfn.NORM.INV(RAND(),0,SQRT($B$4))) -> 62.075638 | L5: =K5*EXP(($B$2-0.5*$B$3^2)*$B$4+$B$3*_xlfn.NORM.INV(RAND(),0,SQRT($B$4))) -> 58.613433 | M5: =L5*EXP(($B$2-0.5*$B$3^2)*$B$4+$B$3*_xlfn.NORM.INV(RAND(),0,SQRT($B$4))) -> 57.546475 | N5: =M5*EXP(($B$2-0.5*$B$3^2)*$B$4+$B$3*_xlfn.NORM.INV(RAND(),0,SQRT($B$4))) -> 57.436552 | ... BN5: =BM5*EXP(($B$2-0.5*$B$3^2)*$B$4+$B$3*_xlfn.NORM.INV(RAND(),0,SQRT($B$4))) -> 64.774674 | BO5: =MAX(BN5-$BN$104,0) -> 6.7746737
A6: Maturity | B6: =60/252 -> 0.23809524 | F6: =$B$1 -> 60.99 | G6: =F6*EXP(($B$2-0.5*$B$3^2)*$B$4+$B$3*_xlfn.NORM.INV(RAND(),0,SQRT($B$4))) -> 61.105523 | H6: =G6*EXP(($B$2-0.5*$B$3^2)*$B$4+$B$3*_xlfn.NORM.INV(RAND(),0,SQRT($B$4))) -> 60.709409 | I6: =H6*EXP(($B$2-0.5*$B$3^2)*$B$4+$B$3*_xlfn.NORM.INV(RAND(),0,SQRT($B$4))) -> 60.920323 | J6: =I6*EXP(($B$2-0.5*$B$3^2)*$B$4+$B$3*_xlfn.NORM.INV(RAND(),0,SQRT($B$4))) -> 61.148131 | K6: =J6*EXP(($B$2-0.5*$B$3^2)*$B$4+$B$3*_xlfn.NORM.INV(RAND(),0,SQRT($B$4))) -> 61.402791 | L6: =K6*EXP(($B$2-0.5*$B$3^2)*$B$4+$B$3*_xlfn.NORM.INV(RAND(),0,SQRT($B$4))) -> 61.491755 | M6: =L6*EXP(($B$2-0.5*$B$3^2)*$B$4+$B$3*_xlfn.NORM.INV(RAND(),0,SQRT($B$4))) -> 60.242334 | N6: =M6*EXP(($B$2-0.5*$B$3^2)*$B$4+$B$3*_xlfn.NORM.INV(RAND(),0,SQRT($B$4))) -> 61.910551 | ... BN6: =BM6*EXP(($B$2-0.5*$B$3^2)*$B$4+$B$3*_xlfn.NORM.INV(RAND(),0,SQRT($B$4))) -> 68.443738 | BO6: =MAX(BN6-$BN$104,0) -> 10.443738
F7: =$B$1 -> 60.99 | G7: =F7*EXP(($B$2-0.5*$B$3^2)*$B$4+$B$3*_xlfn.NORM.INV(RAND(),0,SQRT($B$4))) -> 60.949589 | H7: =G7*EXP(($B$2-0.5*$B$3^2)*$B$4+$B$3*_xlfn.NORM.INV(RAND(),0,SQRT($B$4))) -> 58.134669 | I7: =H7*EXP(($B$2-0.5*$B$3^2)*$B$4+$B$3*_xlfn.NORM.INV(RAND(),0,SQRT($B$4))) -> 57.612933 | J7: =I7*EXP(($B$2-0.5*$B$3^2)*$B$4+$B$3*_xlfn.NORM.INV(RAND(),0,SQRT($B$4))) -> 57.839917 | K7: =J7*EXP(($B$2-0.5*$B$3^2)*$B$4+$B$3*_xlfn.NORM.INV(RAND(),0,SQRT($B$4))) -> 57.074758 | L7: =K7*EXP(($B$2-0.5*$B$3^2)*$B$4+$B$3*_xlfn.NORM.INV(RAND(),0,SQRT($B$4))) -> 56.80223 | M7: =L7*EXP(($B$2-0.5*$B$3^2)*$B$4+$B$3*_xlfn.NORM.INV(RAND(),0,SQRT($B$4))) -> 58.441868 | N7: =M7*EXP(($B$2-0.5*$B$3^2)*$B$4+$B$3*_xlfn.NORM.INV(RAND(),0,SQRT($B$4))) -> 58.222285 | ... BN7: =BM7*EXP(($B$2-0.5*$B$3^2)*$B$4+$B$3*_xlfn.NORM.INV(RAND(),0,SQRT($B$4))) -> 53.019089 | BO7: =MAX(BN7-$BN$104,0) -> 0
F8: =$B$1 -> 60.99 | G8: =F8*EXP(($B$2-0.5*$B$3^2)*$B$4+$B$3*_xlfn.NORM.INV(RAND(),0,SQRT($B$4))) -> 63.039002 | H8: =G8*EXP(($B$2-0.5*$B$3^2)*$B$4+$B$3*_xlfn.NORM.INV(RAND(),0,SQRT($B$4))) -> 63.770439 | I8: =H8*EXP(($B$2-0.5*$B$3^2)*$B$4+$B$3*_xlfn.NORM.INV(RAND(),0,SQRT($B$4))) -> 63.173057 | J8: =I8*EXP(($B$2-0.5*$B$3^2)*$B$4+$B$3*_xlfn.NORM.INV(RAND(),0,SQRT($B$4))) -> 64.428996 | K8: =J8*EXP(($B$2-0.5*$B$3^2)*$B$4+$B$3*_xlfn.NORM.INV(RAND(),0,SQRT($B$4))) -> 62.515743 | L8: =K8*EXP(($B$2-0.5*$B$3^2)*$B$4+$B$3*_xlfn.NORM.INV(RAND(),0,SQRT($B$4))) -> 61.93991 | M8: =L8*EXP(($B$2-0.5*$B$3^2)*$B$4+$B$3*_xlfn.NORM.INV(RAND(),0,SQRT($B$4))) -> 60.950835 | N8: =M8*EXP(($B$2-0.5*$B$3^2)*$B$4+$B$3*_xlfn.NORM.INV(RAND(),0,SQRT($B$4))) -> 61.994651 | ... BN8: =BM8*EXP(($B$2-0.5*$B$3^2)*$B$4+$B$3*_xlfn.NORM.INV(RAND(),0,SQRT($B$4))) -> 70.074431 | BO8: =MAX(BN8-$BN$104,0) -> 12.074431
F9: =$B$1 -> 60.99 | G9: =F9*EXP(($B$2-0.5*$B$3^2)*$B$4+$B$3*_xlfn.NORM.INV(RAND(),0,SQRT($B$4))) -> 60.045448 | H9: =G9*EXP(($B$2-0.5*$B$3^2)*$B$4+$B$3*_xlfn.NORM.INV(RAND(),0,SQRT($B$4))) -> 59.271336 | I9: =H9*EXP(($B$2-0.5*$B$3^2)*$B$4+$B$3*_xlfn.NORM.INV(RAND(),0,SQRT($B$4))) -> 59.292403 | J9: =I9*EXP(($B$2-0.5*$B$3^2)*$B$4+$B$3*_xlfn.NORM.INV(RAND(),0,SQRT($B$4))) -> 60.989688 | K9: =J9*EXP(($B$2-0.5*$B$3^2)*$B$4+$B$3*_xlfn.NORM.INV(RAND(),0,SQRT($B$4))) -> 60.341719 | L9: =K9*EXP(($B$2-0.5*$B$3^2)*$B$4+$B$3*_xlfn.NORM.INV(RAND(),0,SQRT($B$4))) -> 60.172254 | M9: =L9*EXP(($B$2-0.5*$B$3^2)*$B$4+$B$3*_xlfn.NORM.INV(RAND(),0,SQRT($B$4))) -> 60.267495 | N9: =M9*EXP(($B$2-0.5*$B$3^2)*$B$4+$B$3*_xlfn.NORM.INV(RAND(),0,SQRT($B$4))) -> 60.435466 | ... BN9: =BM9*EXP(($B$2-0.5*$B$3^2)*$B$4+$B$3*_xlfn.NORM.INV(RAND(),0,SQRT($B$4))) -> 66.13218 | BO9: =MAX(BN9-$BN$104,0) -> 8.1321804
F10: =$B$1 -> 60.99 | G10: =F10*EXP(($B$2-0.5*$B$3^2)*$B$4+$B$3*_xlfn.NORM.INV(RAND(),0,SQRT($B$4))) -> 62.173425 | H10: =G10*EXP(($B$2-0.5*$B$3^2)*$B$4+$B$3*_xlfn.NORM.INV(RAND(),0,SQRT($B$4))) -> 59.852707 | I10: =H10*EXP(($B$2-0.5*$B$3^2)*$B$4+$B$3*_xlfn.NORM.INV(RAND(),0,SQRT($B$4))) -> 56.718947 | J10: =I10*EXP(($B$2-0.5*$B$3^2)*$B$4+$B$3*_xlfn.NORM.INV(RAND(),0,SQRT($B$4))) -> 58.462993 | K10: =J10*EXP(($B$2-0.5*$B$3^2)*$B$4+$B$3*_xlfn.NORM.INV(RAND(),0,SQRT($B$4))) -> 59.353424 | L10: =K10*EXP(($B$2-0.5*$B$3^2)*$B$4+$B$3*_xlfn.NORM.INV(RAND(),0,SQRT($B$4))) -> 61.199474 | M10: =L10*EXP(($B$2-0.5*$B$3^2)*$B$4+$B$3*_xlfn.NORM.INV(RAND(),0,SQRT($B$4))) -> 60.627952 | N10: =M10*EXP(($B$2-0.5*$B$3^2)*$B$4+$B$3*_xlfn.NORM.INV(RAND(),0,SQRT($B$4))) -> 62.314681 | ... BN10: =BM10*EXP(($B$2-0.5*$B$3^2)*$B$4+$B$3*_xlfn.NORM.INV(RAND(),0,SQRT($B$4))) -> 81.322813 | BO10: =MAX(BN10-$BN$104,0) -> 23.322813
F11: =$B$1 -> 60.99 | G11: =F11*EXP(($B$2-0.5*$B$3^2)*$B$4+$B$3*_xlfn.NORM.INV(RAND(),0,SQRT($B$4))) -> 61.211706 | H11: =G11*EXP(($B$2-0.5*$B$3^2)*$B$4+$B$3*_xlfn.NORM.INV(RAND(),0,SQRT($B$4))) -> 60.121263 | I11: =H11*EXP(($B$2-0.5*$B$3^2)*$B$4+$B$3*_xlfn.NORM.INV(RAND(),0,SQRT($B$4))) -> 59.349731 | J11: =I11*EXP(($B$2-0.5*$B$3^2)*$B$4+$B$3*_xlfn.NORM.INV(RAND(),0,SQRT($B$4))) -> 59.99687 | K11: =J11*EXP(($B$2-0.5*$B$3^2)*$B$4+$B$3*_xlfn.NORM.INV(RAND(),0,SQRT($B$4))) -> 60.081005 | L11: =K11*EXP(($B$2-0.5*$B$3^2)*$B$4+$B$3*_xlfn.NORM.INV(RAND(),0,SQRT($B$4))) -> 60.488696 | M11: =L11*EXP(($B$2-0.5*$B$3^2)*$B$4+$B$3*_xlfn.NORM.INV(RAND(),0,SQRT($B$4))) -> 60.795734 | N11: =M11*EXP(($B$2-0.5*$B$3^2)*$B$4+$B$3*_xlfn.NORM.INV(RAND(),0,SQRT($B$4))) -> 62.494168 | ... BN11: =BM11*EXP(($B$2-0.5*$B$3^2)*$B$4+$B$3*_xlfn.NORM.INV(RAND(),0,SQRT($B$4))) -> 74.762871 | BO11: =MAX(BN11-$BN$104,0) -> 16.762871
F12: =$B$1 -> 60.99 | G12: =F12*EXP(($B$2-0.5*$B$3^2)*$B$4+$B$3*_xlfn.NORM.INV(RAND(),0,SQRT($B$4))) -> 59.604041 | H12: =G12*EXP(($B$2-0.5*$B$3^2)*$B$4+$B$3*_xlfn.NORM.INV(RAND(),0,SQRT($B$4))) -> 59.426933 | I12: =H12*EXP(($B$2-0.5*$B$3^2)*$B$4+$B$3*_xlfn.NORM.INV(RAND(),0,SQRT($B$4))) -> 60.144165 | J12: =I12*EXP(($B$2-0.5*$B$3^2)*$B$4+$B$3*_xlfn.NORM.INV(RAND(),0,SQRT($B$4))) -> 60.946156 | K12: =J12*EXP(($B$2-0.5*$B$3^2)*$B$4+$B$3*_xlfn.NORM.INV(RAND(),0,SQRT($B$4))) -> 61.633805 | L12: =K12*EXP(($B$2-0.5*$B$3^2)*$B$4+$B$3*_xlfn.NORM.INV(RAND(),0,SQRT($B$4))) -> 61.614137 | M12: =L12*EXP(($B$2-0.5*$B$3^2)*$B$4+$B$3*_xlfn.NORM.INV(RAND(),0,SQRT($B$4))) -> 62.814467 | N12: =M12*EXP(($B$2-0.5*$B$3^2)*$B$4+$B$3*_xlfn.NORM.INV(RAND(),0,SQRT($B$4))) -> 63.076736 | ... BN12: =BM12*EXP(($B$2-0.5*$B$3^2)*$B$4+$B$3*_xlfn.NORM.INV(RAND(),0,SQRT($B$4))) -> 87.371787 | BO12: =MAX(BN12-$BN$104,0) -> 29.371787
F13: =$B$1 -> 60.99 | G13: =F13*EXP(($B$2-0.5*$B$3^2)*$B$4+$B$3*_xlfn.NORM.INV(RAND(),0,SQRT($B$4))) -> 63.971752 | H13: =G13*EXP(($B$2-0.5*$B$3^2)*$B$4+$B$3*_xlfn.NORM.INV(RAND(),0,SQRT($B$4))) -> 63.665315 | I13: =H13*EXP(($B$2-0.5*$B$3^2)*$B$4+$B$3*_xlfn.NORM.INV(RAND(),0,SQRT($B$4))) -> 65.561555 | J13: =I13*EXP(($B$2-0.5*$B$3^2)*$B$4+$B$3*_xlfn.NORM.INV(RAND(),0,SQRT($B$4))) -> 63.84616 | K13: =J13*EXP(($B$2-0.5*$B$3^2)*$B$4+$B$3*_xlfn.NORM.INV(RAND(),0,SQRT($B$4))) -> 66.224581 | L13: =K13*EXP(($B$2-0.5*$B$3^2)*$B$4+$B$3*_xlfn.NORM.INV(RAND(),0,SQRT($B$4))) -> 64.970899 | M13: =L13*EXP(($B$2-0.5*$B$3^2)*$B$4+$B$3*_xlfn.NORM.INV(RAND(),0,SQRT($B$4))) -> 66.041363 | N13: =M13*EXP(($B$2-0.5*$B$3^2)*$B$4+$B$3*_xlfn.NORM.INV(RAND(),0,SQRT($B$4))) -> 63.634845 | ... BN13: =BM13*EXP(($B$2-0.5*$B$3^2)*$B$4+$B$3*_xlfn.NORM.INV(RAND(),0,SQRT($B$4))) -> 73.652712 | BO13: =MAX(BN13-$BN$104,0) -> 15.652712
F14: =$B$1 -> 60.99 | G14: =F14*EXP(($B$2-0.5*$B$3^2)*$B$4+$B$3*_xlfn.NORM.INV(RAND(),0,SQRT($B$4))) -> 61.994204 | H14: =G14*EXP(($B$2-0.5*$B$3^2)*$B$4+$B$3*_xlfn.NORM.INV(RAND(),0,SQRT($B$4))) -> 61.425524 | I14: =H14*EXP(($B$2-0.5*$B$3^2)*$B$4+$B$3*_xlfn.NORM.INV(RAND(),0,SQRT($B$4))) -> 60.848574 | J14: =I14*EXP(($B$2-0.5*$B$3^2)*$B$4+$B$3*_xlfn.NORM.INV(RAND(),0,SQRT($B$4))) -> 60.525155 | K14: =J14*EXP(($B$2-0.5*$B$3^2)*$B$4+$B$3*_xlfn.NORM.INV(RAND(),0,SQRT($B$4))) -> 59.108819 | L14: =K14*EXP(($B$2-0.5*$B$3^2)*$B$4+$B$3*_xlfn.NORM.INV(RAND(),0,SQRT($B$4))) -> 58.173578 | M14: =L14*EXP(($B$2-0.5*$B$3^2)*$B$4+$B$3*_xlfn.NORM.INV(RAND(),0,SQRT($B$4))) -> 56.377055 | N14: =M14*EXP(($B$2-0.5*$B$3^2)*$B$4+$B$3*_xlfn.NORM.INV(RAND(),0,SQRT($B$4))) -> 54.704737 | ... BN14: =BM14*EXP(($B$2-0.5*$B$3^2)*$B$4+$B$3*_xlfn.NORM.INV(RAND(),0,SQRT($B$4))) -> 60.387157 | BO14: =MAX(BN14-$BN$104,0) -> 2.387157
F15: =$B$1 -> 60.99 | G15: =F15*EXP(($B$2-0.5*$B$3^2)*$B$4+$B$3*_xlfn.NORM.INV(RAND(),0,SQRT($B$4))) -> 60.787564 | H15: =G15*EXP(($B$2-0.5*$B$3^2)*$B$4+$B$3*_xlfn.NORM.INV(RAND(),0,SQRT($B$4))) -> 62.740053 | I15: =H15*EXP(($B$2-0.5*$B$3^2)*$B$4+$B$3*_xlfn.NORM.INV(RAND(),0,SQRT($B$4))) -> 60.370451 | J15: =I15*EXP(($B$2-0.5*$B$3^2)*$B$4+$B$3*_xlfn.NORM.INV(RAND(),0,SQRT($B$4))) -> 60.499432 | K15: =J15*EXP(($B$2-0.5*$B$3^2)*$B$4+$B$3*_xlfn.NORM.INV(RAND(),0,SQRT($B$4))) -> 62.045031 | L15: =K15*EXP(($B$2-0.5*$B$3^2)*$B$4+$B$3*_xlfn.NORM.INV(RAND(),0,SQRT($B$4))) -> 62.381123 | M15: =L15*EXP(($B$2-0.5*$B$3^2)*$B$4+$B$3*_xlfn.NORM.INV(RAND(),0,SQRT($B$4))) -> 62.181061 | N15: =M15*EXP(($B$2-0.5*$B$3^2)*$B$4+$B$3*_xlfn.NORM.INV(RAND(),0,SQRT($B$4))) -> 62.740818 | ... BN15: =BM15*EXP(($B$2-0.5*$B$3^2)*$B$4+$B$3*_xlfn.NORM.INV(RAND(),0,SQRT($B$4))) -> 65.61711 | BO15: =MAX(BN15-$BN$104,0) -> 7.61711
F16: =$B$1 -> 60.99 | G16: =F16*EXP(($B$2-0.5*$B$3^2)*$B$4+$B$3*_xlfn.NORM.INV(RAND(),0,SQRT($B$4))) -> 61.405121 | H16: =G16*EXP(($B$2-0.5*$B$3^2)*$B$4+$B$3*_xlfn.NORM.INV(RAND(),0,SQRT($B$4))) -> 62.890359 | I16: =H16*EXP(($B$2-0.5*$B$3^2)*$B$4+$B$3*_xlfn.NORM.INV(RAND(),0,SQRT($B$4))) -> 61.876185 | J16: =I16*EXP(($B$2-0.5*$B$3^2)*$B$4+$B$3*_xlfn.NORM.INV(RAND(),0,SQRT($B$4))) -> 63.324197 | K16: =J16*EXP(($B$2-0.5*$B$3^2)*$B$4+$B$3*_xlfn.NORM.INV(RAND(),0,SQRT($B$4))) -> 64.240839 | L16: =K16*EXP(($B$2-0.5*$B$3^2)*$B$4+$B$3*_xlfn.NORM.INV(RAND(),0,SQRT($B$4))) -> 64.216773 | M16: =L16*EXP(($B$2-0.5*$B$3^2)*$B$4+$B$3*_xlfn.NORM.INV(RAND(),0,SQRT($B$4))) -> 64.258377 | N16: =M16*EXP(($B$2-0.5*$B$3^2)*$B$4+$B$3*_xlfn.NORM.INV(RAND(),0,SQRT($B$4))) -> 66.775689 | ... BN16: =BM16*EXP(($B$2-0.5*$B$3^2)*$B$4+$B$3*_xlfn.NORM.INV(RAND(),0,SQRT($B$4))) -> 83.180677 | BO16: =MAX(BN16-$BN$104,0) -> 25.180677
F17: =$B$1 -> 60.99 | G17: =F17*EXP(($B$2-0.5*$B$3^2)*$B$4+$B$3*_xlfn.NORM.INV(RAND(),0,SQRT($B$4))) -> 61.479738 | H17: =G17*EXP(($B$2-0.5*$B$3^2)*$B$4+$B$3*_xlfn.NORM.INV(RAND(),0,SQRT($B$4))) -> 61.640317 | I17: =H17*EXP(($B$2-0.5*$B$3^2)*$B$4+$B$3*_xlfn.NORM.INV(RAND(),0,SQRT($B$4))) -> 60.836233 | J17: =I17*EXP(($B$2-0.5*$B$3^2)*$B$4+$B$3*_xlfn.NORM.INV(RAND(),0,SQRT($B$4))) -> 61.390729 | K17: =J17*EXP(($B$2-0.5*$B$3^2)*$B$4+$B$3*_xlfn.NORM.INV(RAND(),0,SQRT($B$4))) -> 60.364315 | L17: =K17*EXP(($B$2-0.5*$B$3^2)*$B$4+$B$3*_xlfn.NORM.INV(RAND(),0,SQRT($B$4))) -> 58.868098 | M17: =L17*EXP(($B$2-0.5*$B$3^2)*$B$4+$B$3*_xlfn.NORM.INV(RAND(),0,SQRT($B$4))) -> 58.37665 | N17: =M17*EXP(($B$2-0.5*$B$3^2)*$B$4+$B$3*_xlfn.NORM.INV(RAND(),0,SQRT($B$4))) -> 56.746544 | ... BN17: =BM17*EXP(($B$2-0.5*$B$3^2)*$B$4+$B$3*_xlfn.NORM.INV(RAND(),0,SQRT($B$4))) -> 53.498058 | BO17: =MAX(BN17-$BN$104,0) -> 0
F18: =$B$1 -> 60.99 | G18: =F18*EXP(($B$2-0.5*$B$3^2)*$B$4+$B$3*_xlfn.NORM.INV(RAND(),0,SQRT($B$4))) -> 61.289304 | H18: =G18*EXP(($B$2-0.5*$B$3^2)*$B$4+$B$3*_xlfn.NORM.INV(RAND(),0,SQRT($B$4))) -> 62.652611 | I18: =H18*EXP(($B$2-0.5*$B$3^2)*$B$4+$B$3*_xlfn.NORM.INV(RAND(),0,SQRT($B$4))) -> 65.129427 | J18: =I18*EXP(($B$2-0.5*$B$3^2)*$B$4+$B$3*_xlfn.NORM.INV(RAND(),0,SQRT($B$4))) -> 64.769187 | K18: =J18*EXP(($B$2-0.5*$B$3^2)*$B$4+$B$3*_xlfn.NORM.INV(RAND(),0,SQRT($B$4))) -> 64.682605 | L18: =K18*EXP(($B$2-0.5*$B$3^2)*$B$4+$B$3*_xlfn.NORM.INV(RAND(),0,SQRT($B$4))) -> 63.773754 | M18: =L18*EXP(($B$2-0.5*$B$3^2)*$B$4+$B$3*_xlfn.NORM.INV(RAND(),0,SQRT($B$4))) -> 62.663101 | N18: =M18*EXP(($B$2-0.5*$B$3^2)*$B$4+$B$3*_xlfn.NORM.INV(RAND(),0,SQRT($B$4))) -> 61.059725 | ... BN18: =BM18*EXP(($B$2-0.5*$B$3^2)*$B$4+$B$3*_xlfn.NORM.INV(RAND(),0,SQRT($B$4))) -> 70.015049 | BO18: =MAX(BN18-$BN$104,0) -> 12.015049
... F102: =$B$1 -> 60.99 | G102: =F102*EXP(($B$2-0.5*$B$3^2)*$B$4+$B$3*_xlfn.NORM.INV(RAND(),0,SQRT($B$4))) -> 60.460413 | H102: =G102*EXP(($B$2-0.5*$B$3^2)*$B$4+$B$3*_xlfn.NORM.INV(RAND(),0,SQRT($B$4))) -> 61.910953 | I102: =H102*EXP(($B$2-0.5*$B$3^2)*$B$4+$B$3*_xlfn.NORM.INV(RAND(),0,SQRT($B$4))) -> 62.440748 | J102: =I102*EXP(($B$2-0.5*$B$3^2)*$B$4+$B$3*_xlfn.NORM.INV(RAND(),0,SQRT($B$4))) -> 62.917176 | K102: =J102*EXP(($B$2-0.5*$B$3^2)*$B$4+$B$3*_xlfn.NORM.INV(RAND(),0,SQRT($B$4))) -> 63.248901 | L102: =K102*EXP(($B$2-0.5*$B$3^2)*$B$4+$B$3*_xlfn.NORM.INV(RAND(),0,SQRT($B$4))) -> 64.88096 | M102: =L102*EXP(($B$2-0.5*$B$3^2)*$B$4+$B$3*_xlfn.NORM.INV(RAND(),0,SQRT($B$4))) -> 65.765828 | N102: =M102*EXP(($B$2-0.5*$B$3^2)*$B$4+$B$3*_xlfn.NORM.INV(RAND(),0,SQRT($B$4))) -> 64.685092 | ... BN102: =BM102*EXP(($B$2-0.5*$B$3^2)*$B$4+$B$3*_xlfn.NORM.INV(RAND(),0,SQRT($B$4))) -> 84.306764 | BO102: =MAX(BN102-$BN$104,0) -> 26.306764
BO103: Call price
BM104: strike | BN104: ='Option pricing '!B5 -> 58 | BO104: =AVERAGE(BO2:BO102)*EXP(-B5*B6) -> 11.655462
